<?xml version="1.0" encoding="UTF-8"?>

<beans xmlns="http://www.springframework.org/schema/beans"
       xmlns:xsi="http://www.w3.org/2001/XMLSchema-instance"
       xmlns:p="http://www.springframework.org/schema/p"
       xmlns:context="http://www.springframework.org/schema/context"
       xmlns:jms="http://www.springframework.org/schema/jms"
       xmlns:amq="http://activemq.apache.org/schema/core"
       xsi:schemaLocation="http://www.springframework.org/schema/beans 
                           http://www.springframework.org/schema/beans/spring-beans.xsd
                           http://www.springframework.org/schema/context 
                           http://www.springframework.org/schema/context/spring-context.xsd
                           http://www.springframework.org/schema/jms 
                           http://www.springframework.org/schema/jms/spring-jms.xsd
                           http://activemq.apache.org/schema/core 
                           http://activemq.apache.org/schema/core/activemq-core.xsd">
 
    <context:component-scan base-package="com.cg" />
    
   <bean id="connectionFactory" class="org.apache.activemq.ActiveMQConnectionFactory"
    p:brokerURL="tcp://localhost:61626" />
  
  <bean id="destination" class="org.apache.activemq.command.ActiveMQQueue">
    <constructor-arg value="com.igatepatni.myqueue" />
  </bean>
    
  <bean id="jmsTemplate" class="org.springframework.jms.core.JmsTemplate"
    p:connectionFactory-ref="connectionFactory"
    p:defaultDestination-ref="destination" />
  
  <!--<bean id="messageProducer" class="com.igatepatni.jms.JMSMessageProducer"
    p:jmsTemplate-ref="jmsTemplate" />
    
  <bean id="messageListener" class="com.igatepatni.jms.JMSMessageConsumer" />
  @JmsListener(destination="com.igatepatni.myqueue")
  -->
  


    
</beans>