<?xml version="1.0" encoding="windows-1252"?>
<beans xmlns="http://www.springframework.org/schema/beans"
	xmlns:xsi="http://www.w3.org/2001/XMLSchema-instance" xmlns:p="http://www.springframework.org/schema/p"
	xmlns:context="http://www.springframework.org/schema/context"
	xmlns:mvc="http://www.springframework.org/schema/mvc" xmlns:aop="http://www.springframework.org/schema/aop"
	xmlns:tx="http://www.springframework.org/schema/tx"
	xsi:schemaLocation="
       http://www.springframework.org/schema/beans
       http://www.springframework.org/schema/beans/spring-beans-3.0.xsd
       http://www.springframework.org/schema/context
       http://www.springframework.org/schema/context/spring-context-3.0.xsd
       http://www.springframework.org/schema/mvc
       http://www.springframework.org/schema/mvc/spring-mvc-3.0.xsd
       http://www.springframework.org/schema/aop
       http://www.springframework.org/schema/aop/spring-aop-3.0.xsd
       http://www.springframework.org/schema/tx
       http://www.springframework.org/schema/tx/spring-tx-3.0.xsd">

	<!-- Use @Component annotations for bean definitions -->
	<context:component-scan base-package="com.igatepatni" />

	<!-- Use @Controller annotations for MVC controller definitions -->
	<mvc:annotation-driven />

	<!-- Add JPA support -->
	<bean id="entityManagerFactory"
		class="org.springframework.orm.jpa.LocalContainerEntityManagerFactoryBean">
		<property name="persistenceUnitName" value="ContactPU" />
		<property name="jpaVendorAdapter" ref="jpaVendorAdapter" />
		<property name="jpaDialect" ref="jpaDialect" />
	</bean>
	<!--
	<bean id="contactDao" class="com.igatepatni.dao.ContactDAO" />
	 Add Transaction support <bean id="myTxManager" class="org.springframework.orm.jpa.JpaTransactionManager"> 
		<property name="entityManagerFactory" ref="emf" /> </bean> Use @Transaction 
		annotations for managing transactions 
	<tx:annotation-driven transaction-manager="myTxManager" />-->
	<bean id="jpaVendorAdapter"
		class="org.springframework.orm.jpa.vendor.HibernateJpaVendorAdapter">
		<property name="databasePlatform" value="org.hibernate.dialect.Oracle9Dialect" />
	</bean>
 
	<bean id="jpaDialect" class="org.springframework.orm.jpa.vendor.HibernateJpaDialect" />
	 
	<bean id="transactionManager" class="org.springframework.orm.jpa.JpaTransactionManager">
		<property name="entityManagerFactory" ref="entityManagerFactory" />
	<property name="jpaDialect" ref="jpaDialect" />
</bean>



	<!-- View resolver -->
	<bean id="viewResolver"
		class="org.springframework.web.servlet.view.InternalResourceViewResolver">
		<property name="viewClass">
			<value>org.springframework.web.servlet.view.JstlView</value>
		</property>
		<property name="prefix">
			<value>/</value>
		</property>
		<property name="suffix">
			<value>.jsp</value>
		</property>
	</bean>
</beans>