<?xml version="1.0" encoding="UTF-8"?>
<beans xmlns="http://www.springframework.org/schema/beans"
	xmlns:xsi="http://www.w3.org/2001/XMLSchema-instance" xmlns:context="http://www.springframework.org/schema/context"
	xmlns:tx="http://www.springframework.org/schema/tx"
	  xmlns:aop = "http://www.springframework.org/schema/aop"
	xsi:schemaLocation="http://www.springframework.org/schema/beans http://www.springframework.org/schema/beans/spring-beans.xsd
		http://www.springframework.org/schema/context http://www.springframework.org/schema/context/spring-context-4.0.xsd
		http://www.springframework.org/schema/tx http://www.springframework.org/schema/tx/spring-tx-4.0.xsd
   http://www.springframework.org/schema/aop
   http://www.springframework.org/schema/aop/spring-aop-3.0.xsd">

	<!-- Enable Annotation based Declarative Transaction Management -->
	<tx:annotation-driven proxy-target-class="true"
		transaction-manager="transactionManager" />
		
   <tx:advice id = "txAdvice" transaction-manager = "transactionManager">
      <tx:attributes>
      <tx:method name = "doInsert"/>
      </tx:attributes>
   </tx:advice>

   <aop:config>
      <aop:pointcut id = "createOperation"  
      expression = "execution(* com.cg.CustomerManagerImpl.doInsert(..))"/>
      <aop:advisor advice-ref = "txAdvice" pointcut-ref = "createOperation"/>
   </aop:config>

	<!-- Creating TransactionManager Bean, since JDBC we are creating of type 	DataSourceTransactionManager -->
	<bean id="transactionManager"
		class="org.springframework.jdbc.datasource.DataSourceTransactionManager">
		<property name="dataSource" ref="dataSource" />
	</bean>
	
	<!--Oracle DB DataSource -->

<bean id="dataSource"
class="org.springframework.jdbc.datasource.DriverManagerDataSource">
<property name="driverClassName" value="oracle.jdbc.driver.OracleDriver" />
		<property name="url" value="jdbc:oracle:thin:@10.219.34.3:1521:orcl" />
		<property name="username" value="hema" />
		<property name="password" value="hema676412" />
</bean>
	<bean id="customerDAO" class="com.cg.CustomerDAOImpl">
		<property name="dataSource" ref="dataSource"></property>
	</bean>

	<bean id="customerManager" class="com.cg.CustomerManagerImpl">
		<property name="customerDAO" ref="customerDAO"></property>
	</bean>

</beans>
