<?xml version="1.0" encoding="UTF-8"?>
<beans xmlns="http://www.springframework.org/schema/beans"
	xmlns:xsi="http://www.w3.org/2001/XMLSchema-instance"
	xmlns:tx="http://www.springframework.org/schema/tx" 
	xmlns:context="http://www.springframework.org/schema/context"
	xsi:schemaLocation="http://www.springframework.org/schema/beans
                            http://www.springframework.org/schema/beans/spring-beans-3.0.xsd
                            http://www.springframework.org/schema/context 
                            http://www.springframework.org/schema/context/spring-context-3.0.xsd
                            http://www.springframework.org/schema/tx 
      						http://www.springframework.org/schema/tx/spring-tx.xsd">

	<context:component-scan base-package="training.spring.hib3" />
		
	<bean id="dataSource"
		class="org.springframework.jdbc.datasource.DriverManagerDataSource">
		<property name="driverClassName" value="oracle.jdbc.driver.OracleDriver" />
		<property name="url" value="jdbc:oracle:thin:@10.219.34.3:1521:orcl" />
		<property name="username" value="hema" />
		<property name="password" value="corp123" />
	</bean>
	
	<bean id="sessionFactory"
		class="org.springframework.orm.hibernate3.annotation.AnnotationSessionFactoryBean">
		<property name="dataSource">
			<ref bean="dataSource" />
		</property>
		<property name="annotatedClasses" value="training.spring.hib3.entity.Stock" />
		<property name="hibernateProperties">
			<props>
				<prop key="hibernate.dialect">org.hibernate.dialect.Oracle9Dialect</prop>
				<prop key="hibernate.hbm2ddl.auto">update</prop>
				<!-- uncomment this for first time run-->
				<prop key="hibernate.show_sql">true</prop>
			</props>
		</property>
	</bean>
	<bean id="txMgr"
		class="org.springframework.orm.hibernate3.HibernateTransactionManager">
		<property name="sessionFactory" ref="sessionFactory" />
	</bean>
	 <tx:annotation-driven transaction-manager="txMgr" />
	
</beans>
