<?xml version="1.0" encoding="UTF-8"?>
<!DOCTYPE hibernate-mapping PUBLIC  
"-//Hibernate/Hibernate Mapping DTD 3.0//EN"  
"http://hibernate.sourceforge.net/hibernate-mapping-3.0.dtd">  
  
<hibernate-mapping>  
<class name="com.igate.strutswithspring.employee.Employee" table="employee_struts">  
          <id name="employeeCode" column="employee_code" type="integer">  
          <generator class="native"/>
          </id>  
            
          <property name="employeeName" column="employee_name"></property>  
          <property name="employeeCity" column="employee_city"></property>  
</class>  
            
</hibernate-mapping>  
