<?xml version="1.0" encoding="UTF-8"?>
<beans xmlns="http://www.springframework.org/schema/beans"
xmlns:xsi="http://www.w3.org/2001/XMLSchema-instance"
xmlns:context="http://www.springframework.org/schema/context"
xmlns:tx="http://www.springframework.org/schema/tx"
xsi:schemaLocation="http://www.springframework.org/schema/beans
http://www.springframework.org/schema/beans/spring-beans-3.0.xsd
http://www.springframework.org/schema/context
http://www.springframework.org/schema/context/spring-context-3.0.xsd
http://www.springframework.org/schema/tx
http://www.springframework.org/schema/tx/spring-tx-3.0.xsd">

<context:annotation-config></context:annotation-config>
<context:component-scan base-package="com.igate"></context:component-scan>

    <bean id="dataSource" class="org.springframework.jdbc.datasource.DriverManagerDataSource">
		<property name="driverClassName" value="oracle.jdbc.driver.OracleDriver" />
		<property name="url" value="jdbc:oracle:thin:@10.212.6.114:1521:testdb" />
		<property name="username" value="feb27_java" />
		<property name="password" value="feb27$oracle"/>
	</bean>
		
	
	<bean id="jdbcTemplate" class="org.springframework.jdbc.core.JdbcTemplate">
<constructor-arg ref="dataSource" />
</bean>
<!--<bean id="employeeDAO" class="com.igate.strutswithspring.dao.EmployeeDAO" autowire="byName">
 <property name="jdbcTemplate">
  <ref bean="jdbcTemplate"/>
 </property>
</bean>
-->
<!--<bean id="employeeDAO" class="com.igate.strutswithspring.dao.EmployeeDAO" autowire="byName">
 <property name="hibernateTemplate">
  <ref bean="hibernateTemplate"/>
 </property>
</bean>

--><!--<bean id="employeeBO" class="com.igate.strutswithspring.bo.EmployeeBO" autowire="byName">
<property name="employeeDAO">
 <ref bean="employeeDAO"/>
</property>
</bean>
	
	 --><bean id="mysessionFactory"  class="org.springframework.orm.hibernate3.LocalSessionFactoryBean">  
        <property name="dataSource" ref="dataSource"></property>  
          
        <property name="mappingResources">  
        <list>  
        <value>employee.hbm.xml</value>  
        </list>  
        </property>  
          
        <property name="hibernateProperties">  
            <props>  
                <prop key="hibernate.dialect">org.hibernate.dialect.Oracle9Dialect</prop>  
                <prop key="hibernate.hbm2ddl.auto">update</prop>  
                <prop key="hibernate.show_sql">true</prop>  
                  
            </props>  
        </property>  
    </bean>  
      
    <bean id="hibernateTemplate" class="org.springframework.orm.hibernate3.HibernateTemplate">  
    <property name="sessionFactory" ref="mysessionFactory"></property>  
    </bean>  
      
	
	
</beans>

