<?xml version="1.0" encoding="UTF-8"?>
<beans xmlns="http://www.springframework.org/schema/beans"
	xmlns:batch="http://www.springframework.org/schema/batch" xmlns:task="http://www.springframework.org/schema/task"
	xmlns:xsi="http://www.w3.org/2001/XMLSchema-instance"
	xsi:schemaLocation="http://www.springframework.org/schema/beans 
    http://www.springframework.org/schema/beans/spring-beans-3.0.xsd 
    http://www.springframework.org/schema/task
    http://www.springframework.org/schema/task/spring-task-3.0.xsd
    http://www.springframework.org/schema/batch
    http://www.springframework.org/schema/batch/spring-batch-2.2.xsd">

	<import resource="applicationContext.xml" />

	<!-- Tokenizer - Converts a delimited string into a Set of Fields -->
	<bean name="defaultTokenizer"
		class="org.springframework.batch.item.file.transform.DelimitedLineTokenizer" />

	<!--
		FieldSetMapper - Populates a bean's attributes with using the FieldSet
	-->
	<bean name="employeeFieldSetMapper" class="com.igate.simplereadwrite.EmployeeFieldSetMapper" />

	<!--
		LineMapper - Uses the tokenizer and Mapper to create instances of a
		Bean.
	-->
	<bean name="employeeLineMapper"
		class="org.springframework.batch.item.file.mapping.DefaultLineMapper">
		<property name="lineTokenizer" ref="defaultTokenizer" />
		<property name="fieldSetMapper" ref="employeeFieldSetMapper" />
	</bean>

	<!--
		Reader - used by the tasklet to process one Item from the input.
	-->
	<bean name="empReader"
		class="org.springframework.batch.item.file.FlatFileItemReader">
		<property name="lineMapper" ref="employeeLineMapper" />
		<property name="resource" value="inputdata.txt" />
	</bean>

	<!-- Processor -->

	<bean name="empProcessor" class="com.igate.simplereadwrite.EmployeeProcessor">
	</bean>
	
	<bean name="class1" class="com.igate.simplereadwrite.FileSkipper">
	</bean>
	
	<bean id="loggingListener" class="com.igate.simplereadwrite.SkipEmployeeData" />
	

	<!--  Writer -->
	<bean id="empWriter" class="org.springframework.batch.item.file.FlatFileItemWriter">
		<property name="resource" value="file:target/Dec06.txt" />
		<property name="lineAggregator">
			<bean
				class="org.springframework.batch.item.file.transform.DelimitedLineAggregator">
				<property name="delimiter" value="--" />
				<property name="fieldExtractor">
					<bean
						class="org.springframework.batch.item.file.transform.BeanWrapperFieldExtractor">
						<property name="names" value="empid,ename,title,salary,rank" />
					</bean>
				</property>
			</bean>
		</property>
	</bean>
	
	<batch:job id="job1">
		<batch:step id="step1">
			<batch:tasklet>
				<batch:chunk reader="empReader" 
				processor="empProcessor" commit-interval="3" writer="empWriter" skip-limit="3">
				<batch:skippable-exception-classes>
         			   <batch:include class="org.springframework.batch.item.file.FlatFileParseException"/>
      		   </batch:skippable-exception-classes>
				</batch:chunk>
				<batch:listeners>
					<batch:listener ref="loggingListener" />
				</batch:listeners>
			</batch:tasklet>
		</batch:step>	
	</batch:job>


</beans>
