<?xml version="1.0" encoding="UTF-8"?>
<beans xmlns="http://www.springframework.org/schema/beans"
	xmlns:jdbc="http://www.springframework.org/schema/jdbc" xmlns:xsi="http://www.w3.org/2001/XMLSchema-instance"
	xsi:schemaLocation="http://www.springframework.org/schema/beans http://www.springframework.org/schema/beans/spring-beans.xsd
		http://www.springframework.org/schema/jdbc http://www.springframework.org/schema/jdbc/spring-jdbc-3.0.xsd">

<!--  
	<jdbc:initialize-database data-source="dataSource" enabled="true">
		<jdbc:script location="classpath:db-schema.sql" />
		<jdbc:script location="classpath:db-test-data.sql" />
	</jdbc:initialize-database>-->

<bean id="dataSource"
class="org.springframework.jdbc.datasource.DriverManagerDataSource">
        <property name="driverClassName" value="oracle.jdbc.driver.OracleDriver" />
		<property name="url" value="jdbc:oracle:thin:@10.219.34.3:1521:orcl" />
		<property name="username" value="hema" />
		<property name="password" value="corp123" />
</bean>

	<bean id="transactionManager"
		class="org.springframework.jdbc.datasource.DataSourceTransactionManager">
		<property name="dataSource" ref="dataSource" />
	</bean>

<!--  For a class that uses TransactionManager wire dataSource and  TransactionManager object-->
	<bean id="fundTransferTranManager"
		class="com.javacodegeeks.springtx.jdbc.examples.SpringTranManagerFundTransferTransaction">
		<property name="dataSource" ref="dataSource" />
		<property name="transactionManager" ref="transactionManager" />
	</bean>

<!-- 1) Create a DB Bean - dataSource
     2) Create a Transaction Manager for dataSource
     3) Create a TransactionTemplate using the Transaction Manager
 -->
	<bean id="transactionTemplate"
		class="org.springframework.transaction.support.TransactionTemplate">
		<property name="transactionManager" ref="transactionManager" />
	</bean>

<!--  For a class that uses TransactionTemplate wire dataSource and  TransactionTemplate object-->
	<bean id="fundTransferTranTemplate"
		class="com.javacodegeeks.springtx.jdbc.examples.SpringTranTemplateFundTransferTransaction">
		<property name="dataSource" ref="dataSource" />
		<property name="transactionTemplate" ref="transactionTemplate" />
	</bean>

</beans>
