<?xml version="1.0" encoding="UTF-8"?>
<beans xmlns="http://www.springframework.org/schema/beans"
xmlns:mvc="http://www.springframework.org/schema/mvc"
    xmlns:xsi="http://www.w3.org/2001/XMLSchema-instance"
    xmlns:context="http://www.springframework.org/schema/context"
    xsi:schemaLocation="http://www.springframework.org/schema/beans
    http://www.springframework.org/schema/beans/spring-beans-3.0.xsd
    http://www.springframework.org/schema/context
    http://www.springframework.org/schema/context/spring-context-3.0.xsd
     http://www.springframework.org/schema/mvc
        http://www.springframework.org/schema/mvc/spring-mvc.xsd">
 
    <context:component-scan base-package="com.igate" />
    <mvc:annotation-driven/>
 
    <bean id="viewResolver1" 
    class="org.springframework.web.servlet.view.ResourceBundleViewResolver">
        <property name="order" value="1"/>
        <property name="basename" value="views"/>
    </bean>
     
    <bean id="viewResolver2"
        class="org.springframework.web.servlet.view.InternalResourceViewResolver">
        <property name="order" value="2"/>
        <property name="prefix" value="/" />
        <property name="suffix" value=".jsp" />
    </bean>
     
</beans>

