<?xml version="1.0" encoding="UTF-8"?>
<beans xmlns="http://www.springframework.org/schema/beans"
	xmlns:batch="http://www.springframework.org/schema/batch" xmlns:task="http://www.springframework.org/schema/task"
	xmlns:xsi="http://www.w3.org/2001/XMLSchema-instance"
	xsi:schemaLocation="http://www.springframework.org/schema/beans 
    http://www.springframework.org/schema/beans/spring-beans-3.0.xsd 
    http://www.springframework.org/schema/task
    http://www.springframework.org/schema/task/spring-task-3.0.xsd
    http://www.springframework.org/schema/batch
    http://www.springframework.org/schema/batch/spring-batch-2.2.xsd">



	<import resource="applicationContext.xml" />

	<bean id="t1" class="com.igate.conditionaljob.MainTasklet">
		<property name="message" value="Hello! " />
	</bean>

	<bean id="t2" class="com.igate.conditionaljob.SuccessTasklet">
		<property name="message" value="Step succeeded! " />
	</bean>
	
	<bean id="t3" class="com.igate.conditionaljob.FailureTasklet">
		<property name="message" value="Step Failed! " />
	</bean>

	<batch:job id="helloJob">
		<batch:step id="step1" >
			<batch:tasklet ref="t1" />
			<batch:next on="*" to="successstep"/>
			<batch:next on="FAILED" to="failedstep"/>
		</batch:step>
		<batch:step id="successstep" >
			<batch:tasklet ref="t2" />
		</batch:step>
		<batch:step id="failedstep">
			<batch:tasklet ref="t3" />
		</batch:step>
	</batch:job>
</beans>
