<?xml version="1.0" encoding="UTF-8"?>
<beans xmlns="http://www.springframework.org/schema/beans"
	xmlns:batch="http://www.springframework.org/schema/batch" xmlns:task="http://www.springframework.org/schema/task"
	xmlns:xsi="http://www.w3.org/2001/XMLSchema-instance"
	xsi:schemaLocation="http://www.springframework.org/schema/beans 
    http://www.springframework.org/schema/beans/spring-beans-3.0.xsd 
    http://www.springframework.org/schema/task
    http://www.springframework.org/schema/task/spring-task-3.0.xsd
    http://www.springframework.org/schema/batch
    http://www.springframework.org/schema/batch/spring-batch-2.2.xsd">



	<import resource="applicationContext.xml" />

	<bean id="wordsFWTasklet" class="com.igate.filecreator.FileCreatorTasklet">
		<property name="filePath" value="words_new1.txt" />
		<property name="content" value="abcdefghijklmnopqrstuwxyz do u know these?" />
	</bean>

	<bean id="numbersFWTasklet" class="com.igate.filecreator.FileCreatorTasklet">
		<property name="filePath" value="Numbers_new1.txt" />
		<property name="content" value="0123456789-Numbers" />
	</bean>


	<batch:job id="helloJob">
		<batch:step id="step1" next="step2">
			<batch:tasklet ref="wordsFWTasklet" />
		</batch:step>
		<batch:step id="step2" >
			<batch:tasklet ref="numbersFWTasklet" />
		</batch:step>		
	</batch:job>
</beans>
