<?xml version="1.0" encoding="UTF-8"?>
<beans xmlns="http://www.springframework.org/schema/beans"
	xmlns:batch="http://www.springframework.org/schema/batch" xmlns:task="http://www.springframework.org/schema/task"
	xmlns:xsi="http://www.w3.org/2001/XMLSchema-instance"
	xsi:schemaLocation="http://www.springframework.org/schema/beans 
    http://www.springframework.org/schema/beans/spring-beans-3.0.xsd 
    http://www.springframework.org/schema/task
    http://www.springframework.org/schema/task/spring-task-3.0.xsd
    http://www.springframework.org/schema/batch
    http://www.springframework.org/schema/batch/spring-batch-2.2.xsd">

	<import resource="applicationContext.xml" />

	<bean id="hello" class="com.igate.HelloTasklet">
		<property name="message" value="Hello! Welcome to Spring Batch!" />
	</bean>
	
	<bean id="t2" class="com.igate.Tasklet2"/>


	<bean id="loggingListener" class="com.igate.JobLoggerListener" />

	<batch:job id="helloJob">
		<batch:step id="step1" next="step2">
			<batch:tasklet ref="hello"/>
		</batch:step>
		<batch:step id="step2">
			<batch:tasklet ref="t2" />
		</batch:step>
		<batch:listeners>
			<batch:listener ref="loggingListener" />
		</batch:listeners>
	</batch:job>


</beans>
